<?xml version="1.0" encoding="utf-8" ?>
<component name="UnoGame" extends="Group">
<interface>
    <field id="playerList" type="stringarray" />
  </interface>
    <script type="text/brightscript" uri="pkg:/components/Game1/UnoGame.brs" />
    <children>
    <Rectangle
            id="backgroundRect0"
            width="1280"
            height="720"
            color="0xc7feffFF"
            />
        <Rectangle id="backgroundRect00" width="1280" height="720" />
        <Group translation="[450,100]" scale="[2.5,2.5]">
            <Label id="playerName" text=" " color="0x4c1db8FF" font="font:ExtraLargeSystemFont" horizAlign="center" vertAlign="center" />
        </Group>
        <Group translation="[500,275]" scale="[2.5,2.5]">
        <Label text="Current Card" color="0x4c1db8FF" translation="[0,0]" font="font:MediumSystemFont" horizAlign="center" vertAlign="center" />
            <Label id="topCard" text="UNO GAME test" translation="[50,35]" color="0x4c1db8FF" font="font:ExtraLargeSystemFont" horizAlign="center" vertAlign="center" />
        </Group>
        <Group translation="[20,300]">
            <buttonGroup id="playerCards" color="ffffff" textcolor="223a43" translation="[0,250]" buttonheight="130" maxWidth="140" minWidth="120" layoutDirection="horizontal" buttons='["1", "2","3"]' iconUri="https://i.ibb.co/chLD7BQR/2026-01-16-0ry-Kleki.png" />
        </Group>
        <Group translation="[1000,450]">
            <buttonGroup id="playerActions" textcolor="7033EB" buttonheight="60" maxWidth="200" minWidth="200" buttons='["draw card", "play card","test"]' iconUri="" itemSpacings="[-5]" />
        </Group>
    </children>
</component>