<?xml version="1.0" encoding="utf-8" ?>
<component name="HomeScene" extends="Group">
<script type="text/brightscript" uri="pkg:/components/HomeScene.brs" />
    <children>
    <interface>
        <field id="navTrigger" type="string" />
    </interface>
        <Rectangle
            id="backgroundRect0"
            width="1280"
            height="720"
            color="0xc7feffFF"
            />
<Group translation="[230,100]" scale="[2.5,2.5]">
      <Label
            id="title"
            text="- Roku Mini Games -"
            color="0x4c1db8FF"
            font="font:ExtraLargeSystemFont"
            horizAlign="center"
            vertAlign="center" />
            </Group>
<Group id="startButtonGroup" focusable="true" translation="[450,350]">
        <Rectangle
            id="border"
            width="400"
            height="100"
            color="0xad8fffFF" />
        <Rectangle
            id="background"
            translation="[3,3]"
            width="394"
            height="94"
            color="0xe4d9ffff"
            />


        <Label
            id="label"
            translation="[10,30]"
            text="             S T A R T"
            color="0x4200B5FF"
            font="font:ExtraLargeSystemFont"
            horizAlign="center"
            vertAlign="center" />
            </Group>
            <Poster
            id = "button1"
            focusable="true"
            uri = "pkg:/images/enterPlayers-icon.png"
            width = "200"
            height = "200"
            translation = "[150, 300]" />
                        <Poster
            id = "button2"
            focusable="true"
            uri = "pkg:/images/how2play-icon.png"
            width = "200"
            height = "200"
            translation = "[950, 300]" />
    </children>
</component>