<?xml version="1.0" encoding="utf-8" ?>
<component name="PlayerScene" extends="Group">
<script type="text/brightscript" uri="pkg:/components/PlayerScene.brs" />
    <children>
        <Rectangle
            id="backgroundRect0"
            width="1280"
            height="720"
            color="0xc7feffFF"
            />
    <Label 
      text="Enter Player Names" 
      translation="[100, 100]" 
      color="0x4c1db8FF"
      font="font:ExtraLargeSystemFont" />
      <Rectangle
            id="bg"
            width="363"
            height="42"
            color="0xA78AFFFF"
            translation="[190,222]"
            />
<MiniKeyboard 
translation="[180, 220]"
    id="keyboard" 
    keyTextColor="0x00FF00FF"          
    focusedKeyTextColor="0xFFFFFFFF"   
    keyColor="0x333333FF"             
    focusedKeyColor="0x000000FF"       
/>
    <Label 
      id="intructions" 
      text="Press PLAY to save the current name to the corresponding player #. Press back to return home." 
      focusable="true"
      translation="[100, 150]" 
      color="0x4c1db8FF"
    />
    <Label 
      id="label1" 
      text="Player 1: " 
      translation="[700, 250]" 
      color="0x4c1db8FF"
      font="font:LargeSystemFont" />
         <Label 
      id="label2" 
      text="Player 2: " 
      translation="[700, 350]" 
      color="0x4c1db8FF"
      font="font:LargeSystemFont" />
         <Label 
      id="label3" 
      text="Player 3: " 
      translation="[700, 450]" 
      color="0x4c1db8FF"
      font="font:LargeSystemFont" />
         <Label 
      id="label4" 
      text="Player 4: " 
      translation="[700, 550]" 
      color="0x4c1db8FF"
      font="font:LargeSystemFont" />
    <Button id="editPlayer1" focusable="true" text="Edit P1" translation="[920, 240]" textColor="0x4c1db8FF" />
    <Button id="editPlayer2" focusable="true" text="Edit P2" translation="[920, 340]" textColor="0x4c1db8FF" />
    <Button id="editPlayer3" focusable="true" text="Edit P3" translation="[920, 440]" textColor="0x4c1db8FF" />
    <Button id="editPlayer4" focusable="true" text="Edit P4" translation="[920, 540]" textColor="0x4c1db8FF" />
  </children>
</component>