<?xml version= "1.0" encoding="utf-8" ?>
<component name="Game1Scene" extends="group">
<script type="text/brightscript" uri="pkg:/components/Game1Scene.brs" />

<children>
  <ButtonGroup id = "BtnClk" 
    layoutDirection = "horiz"
    textcolor = "0x"
    focusbutton = "0"
    translation = "130,450"
    maxwidth = "800"
    minwidth = "370"
    addItemSpacingAfterChild = "true"
    itemSpacing = "[2000]"
    focusedtextcolor = "0x88fc8c" >

    <Button id = "Red" width="80" height="80" />
    <Button id = "Yellow" width="80" height="80" />
    <Button id = "Green" width="80" height="80" />
    <Button id = "blue" width="80" height="80" />
    <Button id = "purple" width="80" height="80" />
    
</ButtonGroup>
</children>
</component>

