<?xml version="1.0" encoding="utf-8" ?>
<component name="Game1Intro" extends="Group">

    <script type="text/brightscript" uri="pkg:/components/Game1Intro.brs" />

    <children>

        <ButtonGroup
            id="BtnClk"
            textcolor="0xffffff"
            focusbutton="0"
            translation="[130,450]"
            maxwidth="800"
            minwidth="370"
            addItemSpacingAfterChild="true"
            itemSpacing="[200]"
            focusedtextcolor="0x88fc8c" >

            <Button id="Directions" width="80" height="80" text="Directions" />
            <Button id="Players" width="80" height="80" text="Add players"/>
            <Button id="Start" width="80" height="80" text="Start"/>

        </ButtonGroup>
        <keyboard 
        id = "keyboard"
        visible = "false"
        />
        <Label
        id = "label"
        text = ""
        visible = "false"
        />
    </children>

</component>


