<?xml version="1.0" encoding="utf-8" ?>
<component name="IndexScene" extends="Group">
<script type="text/brightscript" uri="pkg:/components/IndexScene.brs" />

    <children>
    <Rectangle
            id="backgroundRect00"
            width="1280"
            height="720"
            color="0xc7feffFF"
            />
 <Group translation="[300,100]" scale="[2.5,2.5]">
      <Label
            id="titleLabel"
            text="~ Game Index ~"
            color="0x4c1db8FF"
            font="font:ExtraLargeSystemFont"
            horizAlign="center"
            vertAlign="center" />
            </Group>
        <Group id="backButtonGroup" translation="[450,560]">
        <Rectangle
            id="border"
            width="400"
            height="100"
            color="0xad8fffFF"
            />

        <Rectangle
            id="background"
            translation="[3,3]"
            width="394"
            height="94"
            color="0xe4d9ffff"
            />


        <Label
            id="label"
            translation="[10,30]"
            text="              B A C K"
            color="0x4200B5FF"
            font="font:ExtraLargeSystemFont"
            horizAlign="center"
            vertAlign="center" />
            </Group>
        <Group id="gameButtonGroup" translation="[110,170]">
        <Rectangle 
            id="gameButton1"
            translation="[50,50]"
            width="250"
            height="300"
            color="0xad8fffFF"
            focusable = "true"
            />
            <Rectangle
            id="gameButton2"
            translation="[400,50]"
            width="250"
            height="300"
            color="0xad8fffFF"
            focusable = "true"
            />
            <Rectangle
            id="gameButton3"
            translation="[750,50]"
            width="250"
            height="300"
            color="0xad8fffFF"
            focusable = "true"
            />
        </Group>
        <Animation id="focusColorAnim" duration="0.2" easeFunction="outQuad">
    <ColorFieldInterpolator 
        id="colorInterp" 
        key="[0.0, 1.0]" />
</Animation>
    </children>
</component>